,Application,Function Name,Location,EH Bug Line Number,,,,
1,vlc 0.9,gaussianblur_InitDistribution,E:\SmallRemote\Test\vlc-master\vlc-master\modules\video_filter\gaussianblur.c,143,,,,
2,vlc 0.9,libvlc_media_list_path_with_root_index,E:\SmallRemote\Test\vlc-master\vlc-master\lib\media_list_path.h,50,,,,
3,vlc 0.9,libvlc_media_list_path_copy_by_appending,E:\SmallRemote\Test\vlc-master\vlc-master\lib\media_list_path.h,94,,,,
4,vlc 0.9,libvlc_media_list_path_copy,E:\SmallRemote\Test\vlc-master\vlc-master\lib\media_list_path.h,108,,,,
5,vlc 0.9,es_format_Copy,src\misc\es_format.c,167,,,,
6,vlc 0.9,es_format_Copy,src\misc\es_format.c,190,,,,
7,vlc 0.9,screen_InitCapture,modules\access\screen\beos.cpp,54,,,,
8,vlc 0.9,sout_AnnounceRegisterSDP,src\stream_output\announce.c,83,,,,
9,ayttm-0.6.3,eb_custom_msg_timeout_callback,modules\utility\custom_message.c,158,,,,
10,ayttm-0.6.3,ssl_get_socket,libproxy\ssl.c,93,,,,
11,bk-7.2ce,fullLink,src\libc\utils\fullname.c,123,,,,
12,bk-7.2ce,ns_sock_host2ip,src\port\ns_sock_host2ip.c,33,,,,
13,bftpd-4.8,dirlist,bftpd\dirlist.c,227,,,,
14,bftpd-4.8,dirlist,bftpd\dirlist.c,315,,,,
15,bftpd-4.8,main,bftpd\main.c,245,,,,
16,bftpd-4.8,bftpd_login,bftpd\login.c,394,,,,
17,bftpd-4.8,bftpd_login,bftpd\login.c,465,,,,
18,bftpd-4.8,log_init,bftpd\logging.c,45,,,,
19,bftpd-4.8,log_init,bftpd\logging.c,47,,,,
20,bftpd-4.8,bftpd_login,bftpd\login.c,365,,,,
21,bftpd-4.8,bftpd_login,bftpd\login.c,366,,,,
22,bftpd-4.8,dataconn,bftpd\commands.c,159,,,,
23,bftpd-4.8,dataconn,bftpd\commands.c,168,,,,
24,redis-6.0.6,redisLibeventAttach,deps\hiredis\adapters\libevent.h,155,,,,
25,redis-6.0.6,dictExpand,deps\hiredis\dict.c,100,,,,
26,redis-6.0.6,connSocketConnect,src\connection.c,111,,,,
27,redis-6.0.6,dictAdd,deps\hiredis\dict.c,145,,,,
28,redis-6.0.6,initOpensslLocks,deps\hiredis\ssl.c,154,,,,
29,redis-6.0.6,redisIvykisAttach,deps\hiredis\adapters\ivykis.h,58,,,,
30,redis-6.0.6,redisAeAttach,deps\hiredis\adapters\ae.h,111,,,,
31,obs-25.0.1,get_window_title,plugins\win-capture\window-helpers.c,114,,,,
